Vị trí InterContinental Grenada Resort tại La Sagesse, Grenada	Location of InterContinental Grenada Resort at La Sagesse, Grenada
Video dự án InterContinental Grenada Resort	InterContinental Grenada Resort project video
Phát video InterContinental Grenada Resort	Play the InterContinental Grenada Resort video
Mô phỏng InterContinental Grenada Resort 1	InterContinental Grenada Resort rendering 1
Mô phỏng InterContinental Grenada Resort 2	InterContinental Grenada Resort rendering 2
Mô phỏng InterContinental Grenada Resort 3	InterContinental Grenada Resort rendering 3
Mô phỏng InterContinental Grenada Resort 4	InterContinental Grenada Resort rendering 4
Mô phỏng InterContinental Grenada Resort 5	InterContinental Grenada Resort rendering 5
Mô phỏng InterContinental Grenada Resort 6	InterContinental Grenada Resort rendering 6
Mô phỏng InterContinental Grenada Resort 7	InterContinental Grenada Resort rendering 7
Mô phỏng InterContinental Grenada Resort 8	InterContinental Grenada Resort rendering 8
Mô phỏng InterContinental Grenada Resort 9	InterContinental Grenada Resort rendering 9
Mô phỏng InterContinental Grenada Resort 10	InterContinental Grenada Resort rendering 10
Mô phỏng InterContinental Grenada Resort 11	InterContinental Grenada Resort rendering 11
Mô phỏng InterContinental Grenada Resort 12	InterContinental Grenada Resort rendering 12
Mô phỏng InterContinental Grenada Resort 13	InterContinental Grenada Resort rendering 13
Mô phỏng InterContinental Grenada Resort 14	InterContinental Grenada Resort rendering 14
Mô phỏng InterContinental Grenada Resort 15	InterContinental Grenada Resort rendering 15
Mô phỏng InterContinental Grenada Resort 16	InterContinental Grenada Resort rendering 16
Mô phỏng InterContinental Grenada Resort 17	InterContinental Grenada Resort rendering 17
Xem thư viện hình ảnh và video	View the photo and video gallery
Điều hướng nội dung dự án	Project section navigation
Xem thông tin dự án	View project information
Phóng to ảnh dự án	Enlarge project image
Media tiếp theo	Next media
Thông tin nhanh	Quick facts
Hình ảnh dự án	Project image
Media trước	Previous media
Video dự án	Project video
 ảnh dự án	 project images
Xem thêm 	See more 
 ảnh	 photos
Đóng	Close
