Dự án căn hộ phức hợp 5 sao Pafilia Plaza tại Cộng Hòa Síp	Pafilia Plaza, a 5-star mixed-use apartment project in Cyprus
Dự án biệt thự ven biển Beachside Villa tại Cộng Hòa Síp	Beachside Villa, a beachfront villa project in Cyprus
Dự án căn hộ cao cấp Elysia Blu tại Cộng Hòa Síp	Elysia Blu, a premium apartment project in Cyprus
Dự án do Pafilia phát triển	A project developed by Pafilia
Điều hướng nội dung dự án	Project section navigation
Xem thư viện hình ảnh và video	View the photo and video gallery
Xem thông tin dự án	View project information
Phóng to ảnh dự án	Enlarge project image
Hình ảnh dự án	Project image
Media tiếp theo	Next media
Thông tin nhanh	Quick facts
Media trước	Previous media
Video dự án	Project video
Ảnh dự án	Project images
Xem thêm 	See more 
 ảnh dự án	 project images
 ảnh 	 photo 
 ảnh	 photos
Đóng	Close
Bản đồ vị trí dự án Beachside Villa ven biển Địa Trung Hải, gần thành phố Polis, bán đảo Akamas	Map of Beachside Villa on the Mediterranean shore, near the town of Polis, Akamas peninsula
Biệt thự ven biển Beachside Villa tại bán đảo Akamas, Cộng Hòa Síp	Beachside Villa beachfront villas on the Akamas peninsula, Cyprus
