Bản đồ vị trí The La Sagesse Collection tại vịnh La Sagesse, phía Nam Grenada	Map of The La Sagesse Collection at La Sagesse Bay, southern Grenada
Toàn cảnh quy hoạch The La Sagesse Collection bên vịnh La Sagesse	Master plan view of The La Sagesse Collection on La Sagesse Bay
Phòng khách căn hộ hướng biển, ban công nhìn ra vịnh La Sagesse	Sea-facing apartment living room with a balcony over La Sagesse Bay
Toà căn hộ The La Sagesse Collection giữa cảnh quan cây xanh	The La Sagesse Collection apartment building among landscaped greenery
Phòng khách và bếp mở trong căn hộ The La Sagesse Collection	Living room and open kitchen in a The La Sagesse Collection apartment
The La Sagesse Collection nhìn từ bãi biển La Sagesse	The La Sagesse Collection seen from La Sagesse beach
Ngoại thất toà căn hộ The La Sagesse Collection	Exterior of The La Sagesse Collection apartment building
Ảnh dự án The La Sagesse Collection	The La Sagesse Collection project images
Xem thư viện hình ảnh và video	View the photo and video gallery
Điều hướng nội dung dự án	Project section navigation
Xem thông tin dự án	View project information
Phóng to ảnh dự án	Enlarge project image
Media tiếp theo	Next media
Thông tin nhanh	Quick facts
Hình ảnh dự án	Project image
Media trước	Previous media
Video dự án	Project video
 ảnh dự án	 project images
Xem thêm 	See more 
 ảnh	 photos
Đóng	Close
