Resort Secret Bay giữa thiên nhiên Dominica	Secret Bay resort in Dominica's natural landscape
Phát video dự án Resort Secret Bay	Play the Secret Bay resort project video
Vị trí Secret Bay tại Dominica	Secret Bay location in Dominica
Biệt thự nghỉ dưỡng Secret Bay	Secret Bay resort villa
Xem thư viện hình ảnh và video	View the photo and video gallery
Điều hướng nội dung dự án	Project section navigation
Hình dự án Secret Bay 14	Secret Bay project photo 14
Hình dự án Secret Bay 15	Secret Bay project photo 15
Hình dự án Secret Bay 16	Secret Bay project photo 16
Hình dự án Secret Bay 17	Secret Bay project photo 17
Hình dự án Secret Bay 18	Secret Bay project photo 18
Hình dự án Secret Bay 19	Secret Bay project photo 19
Hình dự án Secret Bay 20	Secret Bay project photo 20
Hình dự án Secret Bay 21	Secret Bay project photo 21
Hình dự án Secret Bay 1	Secret Bay project photo 1
Hình dự án Secret Bay 2	Secret Bay project photo 2
Hình dự án Secret Bay 3	Secret Bay project photo 3
Hình dự án Secret Bay 4	Secret Bay project photo 4
Hình dự án Secret Bay 5	Secret Bay project photo 5
Hình dự án Secret Bay 6	Secret Bay project photo 6
Hình dự án Secret Bay 7	Secret Bay project photo 7
Hình dự án Secret Bay 8	Secret Bay project photo 8
Hình dự án Secret Bay 9	Secret Bay project photo 9
Ảnh dự án Secret Bay	Secret Bay project images
Xem thông tin dự án	View project information
Phóng to ảnh dự án	Enlarge project image
Dự án Secret Bay	Secret Bay project
Media tiếp theo	Next media
Thông tin nhanh	Quick facts
Hình ảnh dự án	Project image
Media trước	Previous media
Video dự án	Project video
 ảnh dự án	 project images
Xem thêm 	See more 
 ảnh	 photos
Đóng	Close
