Vị trí dự án Limassol Marina bên bến du thuyền tại thành phố Limassol	Location of Limassol Marina on the waterfront in the city of Limassol
Phát video giới thiệu dự án Limassol Marina	Play the Limassol Marina project video
Siêu dự án Limassol Marina tại Cộng Hòa Síp	The Limassol Marina flagship project in Cyprus
Dự án Akamas Bay tại Cộng Hòa Síp	Akamas Bay, a project in Cyprus
Dự án The Oval tại Cộng Hòa Síp	The Oval, a project in Cyprus
Xem thư viện hình ảnh và video	View the photo and video gallery
Dự án Trilogy tại Cộng Hòa Síp	Trilogy, a project in Cyprus
Siêu dự án Limassol Marina	Limassol Marina flagship project
Điều hướng nội dung dự án	Project section navigation
Xem thông tin dự án	View project information
Phóng to ảnh dự án	Enlarge project image
Media tiếp theo	Next media
Thông tin nhanh	Quick facts
Hình ảnh dự án	Project image
Media trước	Previous media
Video dự án	Project video
 ảnh dự án	 project images
Ảnh dự án	Project images
Xem thêm 	See more 
 ảnh 	 photo 
 ảnh	 photos
Đóng	Close
