link	vi	en	viec	ngay
https://immgroup.com/cac-nuoc-vung-caribbean/	https://github.com/kelvinimm/web-imm-translation/blob/main/viec/2026-09-22-ov-caribbean/ban-giao/bai-dich.vi.md	https://github.com/kelvinimm/web-imm-translation/blob/main/viec/2026-09-22-ov-caribbean/ban-giao/bai-dich.en.md	2026-09-22-ov-caribbean	2026-09-22
https://immgroup.com/cac-nuoc-vung-caribbean/quoc-tich-dominica/	https://github.com/kelvinimm/web-imm-translation/blob/main/viec/2026-09-22-quoc-tich-dominica/ban-giao/bai-dich.vi.md	https://github.com/kelvinimm/web-imm-translation/blob/main/viec/2026-09-22-quoc-tich-dominica/ban-giao/bai-dich.en.md	2026-09-22-quoc-tich-dominica	2026-09-22
https://immgroup.com/cac-nuoc-vung-caribbean/quoc-tich-grenada/	https://github.com/kelvinimm/web-imm-translation/blob/main/viec/2026-09-21-quoc-tich-grenada/ban-giao/bai-dich.vi.md	https://github.com/kelvinimm/web-imm-translation/blob/main/viec/2026-09-21-quoc-tich-grenada/ban-giao/bai-dich.en.md	2026-09-21-quoc-tich-grenada	2026-09-22
https://immgroup.com/cac-nuoc-vung-caribbean/quoc-tich-st-kitts-and-nevis/	https://github.com/kelvinimm/web-imm-translation/blob/main/viec/2026-09-22-quoc-tich-st-kitts-and-nevis/ban-giao/bai-dich.vi.md	https://github.com/kelvinimm/web-imm-translation/blob/main/viec/2026-09-22-quoc-tich-st-kitts-and-nevis/ban-giao/bai-dich.en.md	2026-09-22-quoc-tich-st-kitts-and-nevis	2026-09-22
https://immgroup.com/dau-tu-dinh-cu-canada/	https://github.com/kelvinimm/web-imm-translation/blob/main/viec/2026-09-22-ov-canada/ban-giao/bai-dich.vi.md	https://github.com/kelvinimm/web-imm-translation/blob/main/viec/2026-09-22-ov-canada/ban-giao/bai-dich.en.md	2026-09-22-ov-canada	2026-09-22
https://immgroup.com/dau-tu-dinh-cu-my/	https://github.com/kelvinimm/web-imm-translation/blob/main/viec/2026-09-21-overview-usa-v2-2/ban-giao/bai-dich.vi.md	https://github.com/kelvinimm/web-imm-translation/blob/main/viec/2026-09-21-overview-usa-v2-2/ban-giao/bai-dich.en.md	2026-09-21-overview-usa-v2-2	2026-09-22
https://immgroup.com/dau-tu-dinh-cu-my/visa-dinh-cu-my-eb1c/	https://github.com/kelvinimm/web-imm-translation/blob/main/viec/2026-09-18-visa-dinh-cu-my-eb1c/ban-giao/bai-dich.vi.md	https://github.com/kelvinimm/web-imm-translation/blob/main/viec/2026-09-18-visa-dinh-cu-my-eb1c/ban-giao/bai-dich.en.md	2026-09-18-visa-dinh-cu-my-eb1c	2026-09-22
https://immgroup.com/dau-tu-dinh-cu-my/visa-dinh-cu-my-eb5/	https://github.com/kelvinimm/web-imm-translation/blob/main/viec/2026-09-18-visa-dinh-cu-my-eb5-2/ban-giao/bai-dich.vi.md	https://github.com/kelvinimm/web-imm-translation/blob/main/viec/2026-09-18-visa-dinh-cu-my-eb5-2/ban-giao/bai-dich.en.md	2026-09-18-visa-dinh-cu-my-eb5-2	2026-09-22
https://immgroup.com/dau-tu-dinh-cu-my/visa-dinh-cu-my-eb5/du-an-eb-5-ecoplastic-nha-may-san-xuat-phu-tung-o-to-hyundai/	https://github.com/kelvinimm/web-imm-translation/blob/main/viec/2026-09-20-du-an-eb-5-ecoplastic-nha-may-san-xuat-phu-tung-o-to-hyundai/ban-giao/bai-dich.vi.md	https://github.com/kelvinimm/web-imm-translation/blob/main/viec/2026-09-20-du-an-eb-5-ecoplastic-nha-may-san-xuat-phu-tung-o-to-hyundai/ban-giao/bai-dich.en.md	2026-09-20-du-an-eb-5-ecoplastic-nha-may-san-xuat-phu-tung-o-to-hyundai	2026-09-22
https://immgroup.com/dau-tu-dinh-cu-my/visa-dinh-cu-my-eb5/du-an-eb-5-khu-dan-cu-phuc-hop-thuong-mai-haven-residences/	https://github.com/kelvinimm/web-imm-translation/blob/main/viec/2026-09-18-haven-residences/ban-giao/bai-dich.vi.md	https://github.com/kelvinimm/web-imm-translation/blob/main/viec/2026-09-18-haven-residences/ban-giao/bai-dich.en.md	2026-09-18-haven-residences	2026-09-22
https://immgroup.com/dau-tu-dinh-cu-my/visa-dinh-cu-my-eb5/khu-nghi-duong-va-cham-soc-suc-khoe-nguoi-cao-tuoi-horseshoe-bay/	https://github.com/kelvinimm/web-imm-translation/blob/main/viec/2026-09-20-khu-nghi-duong-va-cham-soc-suc-khoe-nguoi-cao-tuoi-horseshoe/ban-giao/bai-dich.vi.md	https://github.com/kelvinimm/web-imm-translation/blob/main/viec/2026-09-20-khu-nghi-duong-va-cham-soc-suc-khoe-nguoi-cao-tuoi-horseshoe/ban-giao/bai-dich.en.md	2026-09-20-khu-nghi-duong-va-cham-soc-suc-khoe-nguoi-cao-tuoi-horseshoe	2026-09-22
https://immgroup.com/dau-tu-dinh-cu-my/visa-my-e2/	https://github.com/kelvinimm/web-imm-translation/blob/main/viec/2026-09-18-visa-my-e2/ban-giao/bai-dich.vi.md	https://github.com/kelvinimm/web-imm-translation/blob/main/viec/2026-09-18-visa-my-e2/ban-giao/bai-dich.en.md	2026-09-18-visa-my-e2	2026-09-22
https://immgroup.com/dau-tu-dinh-cu-my/visa-my-l1a/	https://github.com/kelvinimm/web-imm-translation/blob/main/viec/2026-09-18-visa-my-l1a/ban-giao/bai-dich.vi.md	https://github.com/kelvinimm/web-imm-translation/blob/main/viec/2026-09-18-visa-my-l1a/ban-giao/bai-dich.en.md	2026-09-18-visa-my-l1a	2026-09-22
https://immgroup.com/dau-tu-dinh-cu-new-zealand/	https://github.com/kelvinimm/web-imm-translation/blob/main/viec/2026-09-22-ov-new-zealand/ban-giao/bai-dich.vi.md	https://github.com/kelvinimm/web-imm-translation/blob/main/viec/2026-09-22-ov-new-zealand/ban-giao/bai-dich.en.md	2026-09-22-ov-new-zealand	2026-09-22
https://immgroup.com/dau-tu-dinh-cu-uc/	https://github.com/kelvinimm/web-imm-translation/blob/main/viec/2026-09-22-ov-uc/ban-giao/bai-dich.vi.md	https://github.com/kelvinimm/web-imm-translation/blob/main/viec/2026-09-22-ov-uc/ban-giao/bai-dich.en.md	2026-09-22-ov-uc	2026-09-22
https://immgroup.com/my/chia-se-goc-nhin/the-xanh-my-va-chuong-trinh-eb-5-danh-doi-lon-lieu-co-xung-dang/	https://github.com/kelvinimm/web-imm-translation/blob/main/viec/2026-09-17-eb5-danh-doi-co-xung-dang/ban-giao/bai-dich.vi.md	https://github.com/kelvinimm/web-imm-translation/blob/main/viec/2026-09-17-eb5-danh-doi-co-xung-dang/ban-giao/bai-dich.en.md	2026-09-17-eb5-danh-doi-co-xung-dang	2026-09-22
https://immgroup.com/quoc-tich-tho-nhi-ky-turkey/	https://github.com/kelvinimm/web-imm-translation/blob/main/viec/2026-09-22-quoc-tich-tho-nhi-ky-turkey/ban-giao/bai-dich.vi.md	https://github.com/kelvinimm/web-imm-translation/blob/main/viec/2026-09-22-quoc-tich-tho-nhi-ky-turkey/ban-giao/bai-dich.en.md	2026-09-22-quoc-tich-tho-nhi-ky-turkey	2026-09-22
https://immgroup.com/quoc-tich-va-thuong-tru-nhan-chau-au/	https://github.com/kelvinimm/web-imm-translation/blob/main/viec/2026-09-22-ov-chau-au/ban-giao/bai-dich.vi.md	https://github.com/kelvinimm/web-imm-translation/blob/main/viec/2026-09-22-ov-chau-au/ban-giao/bai-dich.en.md	2026-09-22-ov-chau-au	2026-09-22
https://immgroup.com/quoc-tich-va-thuong-tru-nhan-chau-au/dau-tu-dinh-cu-bo-dao-nha-passive-income-visa-d7/	https://github.com/kelvinimm/web-imm-translation/blob/main/viec/2026-09-22-dau-tu-dinh-cu-bo-dao-nha-passive-income-visa-d7/ban-giao/bai-dich.vi.md	https://github.com/kelvinimm/web-imm-translation/blob/main/viec/2026-09-22-dau-tu-dinh-cu-bo-dao-nha-passive-income-visa-d7/ban-giao/bai-dich.en.md	2026-09-22-dau-tu-dinh-cu-bo-dao-nha-passive-income-visa-d7	2026-09-22
https://immgroup.com/quoc-tich-va-thuong-tru-nhan-chau-au/dau-tu-dinh-cu-latvia/	https://github.com/kelvinimm/web-imm-translation/blob/main/viec/2026-09-22-dau-tu-dinh-cu-latvia/ban-giao/bai-dich.vi.md	https://github.com/kelvinimm/web-imm-translation/blob/main/viec/2026-09-22-dau-tu-dinh-cu-latvia/ban-giao/bai-dich.en.md	2026-09-22-dau-tu-dinh-cu-latvia	2026-09-22
https://immgroup.com/quoc-tich-va-thuong-tru-nhan-chau-au/quoc-tich-montenegro/	https://github.com/kelvinimm/web-imm-translation/blob/main/viec/2026-09-22-quoc-tich-montenegro/ban-giao/bai-dich.vi.md	https://github.com/kelvinimm/web-imm-translation/blob/main/viec/2026-09-22-quoc-tich-montenegro/ban-giao/bai-dich.en.md	2026-09-22-quoc-tich-montenegro	2026-09-22
https://immgroup.com/quoc-tich-va-thuong-tru-nhan-chau-au/thuong-tru-nhan-bo-dao-nha/	https://github.com/kelvinimm/web-imm-translation/blob/main/viec/2026-09-22-thuong-tru-nhan-bo-dao-nha/ban-giao/bai-dich.vi.md	https://github.com/kelvinimm/web-imm-translation/blob/main/viec/2026-09-22-thuong-tru-nhan-bo-dao-nha/ban-giao/bai-dich.en.md	2026-09-22-thuong-tru-nhan-bo-dao-nha	2026-09-22
https://immgroup.com/quoc-tich-va-thuong-tru-nhan-chau-au/thuong-tru-nhan-bulgaria/	https://github.com/kelvinimm/web-imm-translation/blob/main/viec/2026-09-22-thuong-tru-nhan-bulgaria/ban-giao/bai-dich.vi.md	https://github.com/kelvinimm/web-imm-translation/blob/main/viec/2026-09-22-thuong-tru-nhan-bulgaria/ban-giao/bai-dich.en.md	2026-09-22-thuong-tru-nhan-bulgaria	2026-09-22
https://immgroup.com/quoc-tich-va-thuong-tru-nhan-chau-au/thuong-tru-nhan-cong-hoa-sip-cyprus/	https://github.com/kelvinimm/web-imm-translation/blob/main/viec/2026-09-22-thuong-tru-nhan-cong-hoa-sip-cyprus/ban-giao/bai-dich.vi.md	https://github.com/kelvinimm/web-imm-translation/blob/main/viec/2026-09-22-thuong-tru-nhan-cong-hoa-sip-cyprus/ban-giao/bai-dich.en.md	2026-09-22-thuong-tru-nhan-cong-hoa-sip-cyprus	2026-09-22
https://immgroup.com/quoc-tich-va-thuong-tru-nhan-chau-au/thuong-tru-nhan-hungary-guest-investor-program/	https://github.com/kelvinimm/web-imm-translation/blob/main/viec/2026-09-22-thuong-tru-nhan-hungary-guest-investor-program/ban-giao/bai-dich.vi.md	https://github.com/kelvinimm/web-imm-translation/blob/main/viec/2026-09-22-thuong-tru-nhan-hungary-guest-investor-program/ban-giao/bai-dich.en.md	2026-09-22-thuong-tru-nhan-hungary-guest-investor-program	2026-09-22
https://immgroup.com/quoc-tich-va-thuong-tru-nhan-chau-au/thuong-tru-nhan-hy-lap/	https://github.com/kelvinimm/web-imm-translation/blob/main/viec/2026-09-21-thuong-tru-nhan-hy-lap/ban-giao/bai-dich.vi.md	https://github.com/kelvinimm/web-imm-translation/blob/main/viec/2026-09-21-thuong-tru-nhan-hy-lap/ban-giao/bai-dich.en.md	2026-09-21-thuong-tru-nhan-hy-lap	2026-09-22
https://immgroup.com/quoc-tich-va-thuong-tru-nhan-chau-au/thuong-tru-nhan-ireland/	https://github.com/kelvinimm/web-imm-translation/blob/main/viec/2026-09-21-thuong-tru-nhan-ireland/ban-giao/bai-dich.vi.md	https://github.com/kelvinimm/web-imm-translation/blob/main/viec/2026-09-21-thuong-tru-nhan-ireland/ban-giao/bai-dich.en.md	2026-09-21-thuong-tru-nhan-ireland	2026-09-22
https://immgroup.com/quoc-tich-va-thuong-tru-nhan-chau-au/thuong-tru-nhan-malta/	https://github.com/kelvinimm/web-imm-translation/blob/main/viec/2026-09-22-thuong-tru-nhan-malta/ban-giao/bai-dich.vi.md	https://github.com/kelvinimm/web-imm-translation/blob/main/viec/2026-09-22-thuong-tru-nhan-malta/ban-giao/bai-dich.en.md	2026-09-22-thuong-tru-nhan-malta	2026-09-22
https://immgroup.com/ve-chung-toi-imm-group/	https://github.com/kelvinimm/web-imm-translation/blob/main/viec/2026-09-17-ve-chung-toi-imm-group/ban-giao/bai-dich.vi.md	https://github.com/kelvinimm/web-imm-translation/blob/main/viec/2026-09-17-ve-chung-toi-imm-group/ban-giao/bai-dich.en.md	2026-09-17-ve-chung-toi-imm-group	2026-09-22
