Mô phỏng dự án Sun House Comporta Country	Sun House Comporta Country project rendering
Mô phỏng dự án South Beach Sagres	South Beach Sagres project rendering
Mô phỏng dự án CDO’Q Lisbon	CDO’Q Lisbon project rendering
Mô phỏng dự án Kastella Bay	Kastella Bay project rendering
Xem thư viện hình ảnh và video	View the photo and video gallery
Điều hướng nội dung dự án	Project section navigation
Phóng to ảnh dự án	Enlarge project image
Hình ảnh dự án	Project image
Media tiếp theo	Next media
Thông tin nhanh	Quick facts
Media trước	Previous media
Video dự án	Project video
Xem thêm 	See more 
Đóng	Close
Vị trí Dự án Kastella Bay	Kastella Bay project location
Ảnh dự án Kastella Bay	Kastella Bay project images
Xem thông tin dự án	View project information
 ảnh dự án	 project images
 ảnh	 photos
