Dự án biệt thự và nhà phố Konia Green tại Cộng Hòa Síp	Konia Green villa and townhouse project in Cyprus
Vị trí dự án Konia Green gần trung tâm Paphos	Location of Konia Green near central Paphos
Xem thư viện hình ảnh và video Konia Green	View the Konia Green photo and video gallery
Phát video giới thiệu dự án Konia Green	Play the Konia Green project video
Thiết kế mô phỏng dự án Konia Green	Konia Green project rendering
Video giới thiệu dự án Konia Green	Konia Green project video
Điều hướng nội dung dự án	Project section navigation
Dự án Beachside Villa	Beachside Villa project
Xem thông tin dự án	View project information
Dự án Pafilia Plaza	Pafilia Plaza project
Phóng to ảnh dự án	Enlarge project image
Dự án Coral Vista	Coral Vista project
Media tiếp theo	Next media
Thông tin nhanh	Quick facts
Hình ảnh dự án	Project image
Media trước	Previous media
Video dự án	Project video
 ảnh dự án	 project images
Xem thêm 	See more 
 ảnh 	 photo 
 ảnh	 photos
Đóng	Close
