Ảnh dự án Kastella Bay bên vịnh Mikrolimano, Piraeus	Kastella Bay project beside Mikrolimano bay, Piraeus
Ảnh dự án Căn hộ &amp; biệt thự Seaview Heights	Seaview Heights apartments &amp; villas project image
Ảnh dự án Căn hộ phức hợp 5 sao Pafilia Plaza	Pafilia Plaza 5-star mixed-use apartments project image
Ảnh dự án Biệt thự ven biển Beachside Villa	Beachside Villa seafront villas project image
Ảnh dự án Căn hộ cao cấp Aktea Residences 4	Aktea Residences 4 premium apartments project image
Ảnh khu vực trung tâm cảng Piraeus, Hy Lạp	The central port area of Piraeus, Greece
Ảnh dự án InterContinental Grenada Resort	InterContinental Grenada Resort project image
Ảnh dự án Căn hộ cao cấp Park Residences	Park Residences premium apartments project image
Ảnh dự án Căn hộ cao cấp Centro Limassol	Centro Limassol premium apartments project image
Ảnh dự án Biệt thự nhà phố Konia Green	Konia Green villas &amp; townhouses project image
Ảnh dự án Resort Secret Bay, Dominica	Secret Bay resort project image, Dominica
Căn hộ &amp; biệt thự Seaview Heights	Seaview Heights apartments &amp; villas
Ảnh dự án Căn hộ cao cấp Elysia Blu	Elysia Blu premium apartments project image
Căn hộ phức hợp 5 sao Pafilia Plaza	Pafilia Plaza 5-star mixed-use apartments
Ảnh dự án Khu biệt thự Coral Vista	Coral Vista villas project image
Biệt thự ven biển Beachside Villa	Beachside Villa seafront villas
Căn hộ cao cấp Aktea Residences 4	Aktea Residences 4 premium apartments
Bất động sản quốc tế cho gia đình	International real estate for families
Ảnh lựa chọn lộ trình quốc tịch	Choosing a citizenship route
Căn hộ cao cấp Centro Limassol	Centro Limassol premium apartments
Căn hộ cao cấp Park Residences	Park Residences premium apartments
Bất động sản quốc tế IMM Group	IMM Group international real estate
Căn hộ cao cấp Axis Istanbul	Axis Istanbul premium apartments
Biệt thự nhà phố Konia Green	Konia Green villas &amp; townhouses
Căn hộ cao cấp Kastella Bay	Kastella Bay premium apartments
Căn hộ dịch vụ Etolikou 11	Etolikou 11 serviced apartments
Ảnh dự án Limassol Marina	Limassol Marina project image
Ảnh lựa chọn quyền cư trú	Choosing a residence route
Căn hộ cao cấp Elysia Blu	Elysia Blu premium apartments
Khu biệt thự Coral Vista	Coral Vista villas
Ảnh dự án Axis Istanbul	Axis Istanbul project image
