id	loai	vi	en	tm	ghi_chu	src
s001	cta	{1}01{/1}{2}Giá trị BĐS quốc tế{/2}	{1}01{/1}{2}Why international real estate{/2}			acf.s001_cta#1
s002	cta	{1}02{/1}{2}Mục tiêu đầu tư{/2}	{1}02{/1}{2}Your objective{/2}			acf.s002_cta#1
s003	cta	{1}03{/1}{2}BĐS Cư trú (Châu Âu){/2}	{1}03{/1}{2}Residence real estate (Europe){/2}			acf.s003_cta#1
s004	cta	{1}04{/1}{2}Dự án Quốc tịch{/2}	{1}04{/1}{2}Citizenship projects{/2}			acf.s004_cta#1
s005	cta	{1}05{/1}{2}Đối chiếu chiến lược{/2}	{1}05{/1}{2}Compare the two routes{/2}			acf.s005_cta#1
s006	p	IMM Group	IMM Group			acf.s006_p#1
s007	h1	BẤT ĐỘNG SẢN QUỐC TẾ	International Real Estate			acf.s007_h1
s008	p	Bất động sản quốc tế không chỉ là kênh tích sản an toàn và tạo dòng tiền ngoại tệ bền vững, mà còn mang lại đặc quyền thường trú hoặc quốc tịch thứ hai cho cả gia đình.	International real estate is more than a store of value and a source of income in hard currency: it can also open a path to permanent residence or a second citizenship for your whole family.			acf.s008_p
s009	cta	{1}Tìm hiểu dự án{/1}{2}explore{/2}	{1}Explore the projects{/1}{2}explore{/2}			acf.s009_cta#1
s010	cta	Tư vấn trực tiếp	Speak with an advisor			acf.s010_cta
s011	p	flight_takeoff	flight_takeoff	100%: flight_takeoff		acf.s011_p#1
s012	p	Tự do đi lại toàn cầu	Global mobility	100%: Global mobility		acf.s012_p
s013	p	Miễn thị thực khối Schengen và hơn 140 quốc gia (thông qua Golden Visa / Thẻ thường trú / Quốc tịch)	Visa-free travel across the Schengen area with a European Golden Visa, and visa-free access to more than 140 destinations with a second citizenship			acf.s013_p
s014	p	trending_up	trending_up	100%: trending_up		acf.s014_p#1
s015	p	Bảo toàn & Gia tăng tài sản	Protect and grow your wealth			acf.s015_p#1
s016	p	Quyền sở hữu lâu dài, tích sản và tạo dòng tiền bằng ngoại tệ mạnh (USD/EUR)	Long-term ownership, a store of value, and income in hard currency (USD/EUR)			acf.s016_p
s017	p	diversity_3	diversity_3			acf.s017_p#1
s018	p	Đặc quyền cho nhiều thế hệ	A benefit that passes down			acf.s018_p
s019	p	Nhận quyền thường trú nhân hoặc quốc tịch thứ hai cho 2–3 thế hệ	Permanent residence or a second citizenship for 2–3 generations			acf.s019_p
s020	p	{1}Cuộn để tìm hiểu{/1}{2}arrow_downward{/2}	{1}Scroll to explore{/1}{2}arrow_downward{/2}			acf.s020_p#1
s021	p	Giá trị của bất động sản quốc tế	Why international real estate			acf.s021_p#1
s022	p	Bất động sản nước ngoài có thể mang lại mức sinh lời ổn định bằng ngoại tệ mạnh, đồng thời đóng vai trò như một công cụ tích sản an toàn và phân tán rủi ro theo nguyên tắc đa dạng hóa danh mục đầu tư. Bên cạnh giá trị tài chính, quyền sở hữu tài sản tại các thị trường có pháp lý minh bạch cùng các lợi ích về tự do đi lại, quyền cư trú hoặc một phương án dự phòng cho gia đình tạo nên những giá trị dài hạn vượt ra ngoài lợi nhuận đầu tư thuần túy.	Property abroad can produce regular income in a hard currency while acting as a store of value and spreading risk through portfolio diversification. Beyond the financial side, owning an asset in a market with clear property law — together with easier travel, the right of residence, or a fallback plan for the family — creates long-term value that goes beyond investment return alone.			acf.s022_p
s023	p	{1}01{/1}{2}{/2}{3}account_balance{/3}	{1}01{/1}{2}{/2}{3}account_balance{/3}	93%: account_balance		acf.s023_p#1
s024	p	Đa dạng hóa & bảo toàn tài sản	Diversify and protect your wealth			acf.s024_p#1
s025	p	Phân bổ tài sản ra nước ngoài, sở hữu tài sản bằng ngoại tệ mạnh như USD/EUR.	Hold part of your wealth abroad, in a hard currency such as the US dollar or the euro.			acf.s025_p
s026	p	{1}02{/1}{2}{/2}{3}payments{/3}	{1}02{/1}{2}{/2}{3}payments{/3}	88%: payments		acf.s026_p#1
s027	p	Tạo dòng tiền bằng ngoại tệ	Income in hard currency			acf.s027_p
s028	p	Lợi suất cho thuê duy trì ổn định quanh mức 3–5%/năm, mang lại dòng tiền thụ động.	Rental yields in these markets are generally in the 3–5% range, producing passive income; actual returns depend on the property and the market.			acf.s028_p
s029	p	{1}03{/1}{2}{/2}{3}home_work{/3}	{1}03{/1}{2}{/2}{3}home_work{/3}			acf.s029_p#1
s030	p	Mở rộng lựa chọn an cư	More options on where to live			acf.s030_p
s031	p	Thêm nơi ở và phương án dự phòng cho gia đình tại nước ngoài.	A second home abroad, and a fallback plan for the family.			acf.s031_p
s032	p	{1}04{/1}{2}{/2}{3}school{/3}	{1}04{/1}{2}{/2}{3}school{/3}	85%: school		acf.s032_p#1
s033	p	Hỗ trợ giáo dục quốc tế	Support for an international education			acf.s033_p
s034	p	Tạo nền tảng cho du học, an cư và kế hoạch tương lai của con cái.	A base for your children to study abroad, settle, and plan ahead.			acf.s034_p
s035	p	{1}05{/1}{2}{/2}{3}public{/3}	{1}05{/1}{2}{/2}{3}public{/3}	85%: public		acf.s035_p#1
s036	p	Tăng khả năng tiếp cận quốc tế	Better international access			acf.s036_p
s037	p	Mở rộng cơ hội đi lại, học tập, làm việc và sinh sống tại nước ngoài.	More freedom to travel, study, work, and live abroad.			acf.s037_p
s038	p	{1}06{/1}{2}{/2}{3}storefront{/3}	{1}06{/1}{2}{/2}{3}storefront{/3}			acf.s038_p#1
s039	p	Mở rộng kinh doanh	Room to grow a business			acf.s039_p
s040	p	Tạo thêm cơ hội thành lập doanh nghiệp, giao thương và tiếp cận thị trường mới.	More scope to set up a company, trade, and reach new markets.			acf.s040_p
s041	p	{1}07{/1}{2}{/2}{3}beach_access{/3}	{1}07{/1}{2}{/2}{3}beach_access{/3}	92%: beach_access		acf.s041_p#1
s042	p	Nghỉ dưỡng & nghỉ hưu	A vacation home, or somewhere to retire			acf.s042_p#1
s043	p	Sở hữu không gian nghỉ dưỡng hoặc nơi an hưởng tuổi già tại nước ngoài.	A place to vacation, or to settle in later life, abroad.			acf.s043_p
s044	p	{1}08{/1}{2}{/2}{3}family_history{/3}	{1}08{/1}{2}{/2}{3}family_history{/3}			acf.s044_p#1
s045	p	Xây dựng tài sản cho thế hệ sau	Wealth for the next generation			acf.s045_p
s046	p	Tạo dựng tài sản thực có giá trị dài hạn, có thể truyền lại cho thế hệ kế tiếp.	A real asset with long-term value that you can pass on.			acf.s046_p
s047	p	Lựa chọn theo mục tiêu	Choose by objective			acf.s047_p#1
s048	h2	Hai hướng sở hữu và đầu tư bất động sản quốc tế	Two ways to own and invest in international real estate			acf.s048_h2
s049	p	Tùy thuộc vào mục tiêu tài chính và định hướng gia đình, bạn có thể lựa chọn hai hình thức đầu tư bất động sản phổ biến nhất hiện nay.	Depending on your financial objective and your plans for the family, you can follow either of the two routes most investors take today.			acf.s049_p
s050	p	Lựa chọn 1	Route 1			acf.s050_p#1
s051	h3	Bất động sản kèm quyền cư trú	Real estate with residence rights			acf.s051_h3
s052	p	Mua bất động sản đạt hạn mức của chương trình để nhận thẻ cư trú hoặc thường trú nhân cho nhà đầu tư và gia đình, tài sản vẫn thuộc sở hữu toàn phần.	Buy a property that meets the program's investment threshold to obtain a residence permit or permanent residence for you and your family, while keeping full ownership of the asset.			acf.s052_p
s053	li	{1}check_circle{/1}{2}Toàn quyền sở hữu bất động sản, được bán lại sau thời gian nắm giữ{/2}	{1}check_circle{/1}{2}Full ownership of the property, with the right to resell after the holding period{/2}			acf.s053_li#1
s054	li	{1}check_circle{/1}{2}Quyền cư trú cho vợ/chồng, con và cha mẹ (tuỳ chương trình){/2}	{1}check_circle{/1}{2}Residence rights for your spouse, children, and parents (depending on the program){/2}			acf.s054_li#1
s055	li	{1}check_circle{/1}{2}Tự do đi lại khối Schengen với các chương trình Golden Visa châu Âu{/2}	{1}check_circle{/1}{2}Travel in the Schengen area under the European Golden Visa programs{/2}			acf.s055_li#1
s056	p	Hạn mức đầu tư	Investment threshold			acf.s056_p
s057	p	Từ 250.000 EUR	From €250,000	100%: from €250,000		acf.s057_p
s058	cta	{1}Xem dự án{/1}{2}arrow_forward{/2}	{1}See the projects{/1}{2}arrow_forward{/2}			acf.s058_cta#1
s059	p	Lựa chọn 2	Route 2			acf.s059_p#1
s060	h3	Bất động sản kèm quốc tịch	Real estate with citizenship			acf.s060_h3
s061	p	Đầu tư bất động sản được chính phủ phê duyệt để nhận hộ chiếu thứ hai, thời gian xét duyệt tính bằng tháng và phần lớn chương trình không yêu cầu cư trú.	Invest in a government-approved real estate project to obtain a second passport; processing takes months rather than years, and most programs have no residence requirement.			acf.s061_p
s062	li	{1}check_circle{/1}{2}Quốc tịch thứ hai cho cả gia đình, kế thừa cho thế hệ sau{/2}	{1}check_circle{/1}{2}A second citizenship for the whole family, passed on to the next generation{/2}			acf.s062_li#1
s063	li	{1}check_circle{/1}{2}Xét duyệt 4–8 tháng, không yêu cầu cư trú hay ngoại ngữ{/2}	{1}check_circle{/1}{2}Processed in 4–8 months, with no residence or language requirement{/2}			acf.s063_li#1
s064	li	{1}check_circle{/1}{2}Được bán lại BĐS hoặc cổ phần sở hữu sau thời gian quy định{/2}	{1}check_circle{/1}{2}The right to resell the property or the project share after the required period{/2}			acf.s064_li#1
s065	p	Hạn mức đầu tư	Investment threshold		trung:s056	acf.s065_p
s066	p	Từ 400.000 USD	From US$400,000	100%: from US$400,000		acf.s066_p
s067	cta	{1}Xem dự án{/1}{2}arrow_forward{/2}	{1}See the projects{/1}{2}arrow_forward{/2}		trung:s058	acf.s067_cta#1
s068	p	Bất động sản & quyền cư trú	Real estate & residence rights			acf.s068_p#1
s069	h2	Dự án theo quyền cư trú	Projects on the residence route			acf.s069_h2
s070	p	“Mỗi quốc gia có yêu cầu đầu tư, loại bất động sản đủ điều kiện và quyền lợi cư trú khác nhau. Chọn quốc gia để xem các dự án hiện có.”	"""Each country sets its own investment threshold, defines which property qualifies, and grants different residence rights. Choose a country to see the projects available."""			acf.s070_p
s071	cta	{1}🇬🇷{/1}{2}Hy Lạp{/2}{3}2{/3}	{1}🇬🇷{/1}{2}Greece{/2}{3}2{/3}			acf.s071_cta#1
s072	cta	{1}🇨🇾{/1}{2}Cộng hòa Síp{/2}{3}10{/3}	{1}🇨🇾{/1}{2}Cyprus{/2}{3}10{/3}			acf.s072_cta#1
s073	p	shield	shield			acf.s073_p#1
s074	p	**Chương trình Golden Visa Hy Lạp:** Đầu tư bất động sản từ 250.000 EUR (hoặc 400.000 / 800.000 EUR theo phân vùng mới) nhận Thường trú nhân châu Âu cho 3 thế hệ.	**The Greece Golden Visa:** a real estate investment from €250,000 for a qualifying change-of-use conversion, or €400,000 / €800,000 depending on the zone under the new rules, leads to Greek residence for 3 generations.		"#bo-qua-tn: nguồn gọi thẻ Golden Visa Hy Lạp là ""thường trú nhân châu Âu""; thực tế là thẻ cư trú 5 năm, dịch ""permanent residence"" là sai dữ kiện — xem báo cáo"	acf.s074_p#1
s075	p	{1}check_circle{/1}{2}Dự án được Luật sư IMM Group thẩm định{/2}	{1}check_circle{/1}{2}Project reviewed by IMM Group's lawyers{/2}			acf.s075_p#1
s076	p	{1}{2}description{/2}Lộ trình cư trú{/1} {3}{4}check_circle{/4}{5}Còn suất{/5}{/3}	{1}{2}description{/2}Residence route{/1} {3}{4}check_circle{/4}{5}Units available{/5}{/3}			acf.s076_p#1
s077	p	{1}🇬🇷{/1}{2}Hy Lạp{/2}	{1}🇬🇷{/1}{2}Greece{/2}	85%: Greece		acf.s077_p#1
s078	h3	Căn hộ cao cấp Kastella Bay	Kastella Bay premium apartments			acf.s078_h3
s079	p	Mức đầu tư	Investment	100%: Investment		acf.s079_p
s080	p	Từ 250.000 EUR	From €250,000	100%: from €250,000	trung:s057	acf.s080_p
s081	p	{1}apartment{/1}{2}{3}Loại hình{/3}{4}Căn hộ{/4}{/2}	{1}apartment{/1}{2}{3}Property type{/3}{4}Apartments{/4}{/2}			acf.s081_p#1
s082	p	{1}handshake{/1}{2}{3}Hình thức đầu tư{/3}{4}Sở hữu 100%{/4}{/2}	{1}handshake{/1}{2}{3}Investment type{/3}{4}100% freehold ownership{/4}{/2}			acf.s082_p#1
s083	p	location_on	location_on	100%: location_on		acf.s083_p#1
s084	p	Vị trí	Location	100%: Location		acf.s084_p#1
s085	cta	Piraeus {1}open_in_new{/1}	Piraeus {1}open_in_new{/1}			acf.s085_cta#1
s086	p	{1}aspect_ratio{/1}{2}{3}Diện tích / Quy mô{/3}{4}Căn hộ Golden Visa{/4}{/2}	{1}aspect_ratio{/1}{2}{3}Size / scale{/3}{4}Golden Visa apartments{/4}{/2}			acf.s086_p#1
s087	p	{1}corporate_fare{/1}{2}{3}Chủ đầu tư{/3}{4}Arish Capital Partners{/4}{/2}	{1}corporate_fare{/1}{2}{3}Developer{/3}{4}Arish Capital Partners{/4}{/2}			acf.s087_p#1
s088	p	Căn hộ cao cấp bên vịnh du thuyền Mikrolimano, cách trung tâm Athens 12–15 phút. Dự án đủ điều kiện Golden Visa, mở lộ trình thẻ cư trú Hy Lạp cho cả gia đình cùng quyền tự do đi lại khối Schengen.	Premium apartments beside the Mikrolimano marina, 12–15 minutes from central Athens. The project qualifies for the Golden Visa, opening a route to a Greek residence permit for the whole family, with travel in the Schengen area.			acf.s088_p
s089	cta	{1}Chi tiết{/1}{2}north_east{/2}	{1}Details{/1}{2}north_east{/2}			acf.s089_cta#1
s090	cta	Yêu cầu tư vấn	Book a consultation	100%: Book a consultation		acf.s090_cta
s091	p	{1}{2}description{/2}Lộ trình cư trú{/1} {3}{4}check_circle{/4}{5}Còn suất{/5}{/3}	{1}{2}description{/2}Residence route{/1} {3}{4}check_circle{/4}{5}Units available{/5}{/3}		trung:s076	acf.s091_p#1
s092	p	{1}🇬🇷{/1}{2}Hy Lạp{/2}	{1}🇬🇷{/1}{2}Greece{/2}	85%: Greece	trung:s077	acf.s092_p#1
s093	h3	Căn hộ dịch vụ Etolikou 11	Etolikou 11 serviced apartments			acf.s093_h3
s094	p	Mức đầu tư	Investment	100%: Investment	trung:s079	acf.s094_p
s095	p	Từ 250.000 EUR	From €250,000	100%: from €250,000	trung:s057	acf.s095_p
s096	p	{1}apartment{/1}{2}{3}Loại hình{/3}{4}Căn hộ{/4}{/2}	{1}apartment{/1}{2}{3}Property type{/3}{4}Apartments{/4}{/2}		trung:s081	acf.s096_p#1
s097	p	{1}handshake{/1}{2}{3}Hình thức đầu tư{/3}{4}Sở hữu 100%{/4}{/2}	{1}handshake{/1}{2}{3}Investment type{/3}{4}100% freehold ownership{/4}{/2}		trung:s082	acf.s097_p#1
s098	p	location_on	location_on	100%: location_on	trung:s083	acf.s098_p#1
s099	p	Vị trí	Location	100%: Location	trung:s084	acf.s099_p#1
s100	cta	Piraeus {1}open_in_new{/1}	Piraeus {1}open_in_new{/1}		trung:s085	acf.s100_cta#1
s101	p	{1}aspect_ratio{/1}{2}{3}Diện tích / Quy mô{/3}{4}158 căn hộ{/4}{/2}	{1}aspect_ratio{/1}{2}{3}Size / scale{/3}{4}158 apartments{/4}{/2}			acf.s101_p#1
s102	p	{1}corporate_fare{/1}{2}{3}Chủ đầu tư{/3}{4}MIBS Group{/4}{/2}	{1}corporate_fare{/1}{2}{3}Developer{/3}{4}MIBS Group{/4}{/2}			acf.s102_p#1
s103	p	Dự án chuyển đổi công năng từ tòa nhà công nghiệp cũ thành 158 căn hộ dịch vụ tại trung tâm cảng Piraeus, tiện ích hồ bơi sân thượng, gym và lễ tân 24/7, phù hợp cho ở thực lẫn khai thác cho thuê.	A former industrial building converted into 158 serviced apartments in the heart of the port of Piraeus, with a rooftop pool, a gym, and 24/7 reception — suitable both to live in and to rent out.			acf.s103_p
s104	cta	{1}Chi tiết{/1}{2}north_east{/2}	{1}Details{/1}{2}north_east{/2}		trung:s089	acf.s104_cta#1
s105	cta	Yêu cầu tư vấn	Book a consultation	100%: Book a consultation	trung:s090	acf.s105_cta
s106	cta	Xem tất cả bất động sản Hy Lạp	See all properties in Greece			acf.s106_cta
s107	p	shield	shield		trung:s073	acf.s107_p#1
s108	p	**Chương trình Thường trú nhân Síp:** Đầu tư bất động sản mới từ 300.000 EUR (chưa gồm VAT) nhận Thường trú nhân vĩnh viễn cho cả gia đình, xét duyệt nhanh.	**Cyprus permanent residence:** a new-build real estate investment from €300,000 excluding VAT leads to permanent residence for the whole family, with fast processing.			acf.s108_p#1
s109	p	{1}check_circle{/1}{2}Dự án được Luật sư IMM Group thẩm định{/2}	{1}check_circle{/1}{2}Project reviewed by IMM Group's lawyers{/2}		trung:s075	acf.s109_p#1
s110	p	{1}{2}description{/2}Lộ trình cư trú{/1} {3}{4}check_circle{/4}{5}Còn suất{/5}{/3}	{1}{2}description{/2}Residence route{/1} {3}{4}check_circle{/4}{5}Units available{/5}{/3}		trung:s076	acf.s110_p#1
s111	p	{1}🇨🇾{/1}{2}Cộng hòa Síp{/2}	{1}🇨🇾{/1}{2}Cyprus{/2}			acf.s111_p#1
s112	h3	Căn hộ cao cấp Elysia Blu	Elysia Blu premium apartments			acf.s112_h3
s113	p	Mức đầu tư	Investment	100%: Investment	trung:s079	acf.s113_p
s114	p	Từ 511.000 EUR	From €511,000	100%: From €511,000		acf.s114_p
s115	p	{1}apartment{/1}{2}{3}Loại hình{/3}{4}Căn hộ{/4}{/2}	{1}apartment{/1}{2}{3}Property type{/3}{4}Apartments{/4}{/2}		trung:s081	acf.s115_p#1
s116	p	{1}handshake{/1}{2}{3}Hình thức đầu tư{/3}{4}Sở hữu 100%{/4}{/2}	{1}handshake{/1}{2}{3}Investment type{/3}{4}100% freehold ownership{/4}{/2}		trung:s082	acf.s116_p#1
s117	p	location_on	location_on	100%: location_on	trung:s083	acf.s117_p#1
s118	p	Vị trí	Location	100%: Location	trung:s084	acf.s118_p#1
s119	cta	Paphos {1}open_in_new{/1}	Paphos {1}open_in_new{/1}			acf.s119_cta#1
s120	p	{1}aspect_ratio{/1}{2}{3}Diện tích / Quy mô{/3}{4}200 căn hộ{/4}{/2}	{1}aspect_ratio{/1}{2}{3}Size / scale{/3}{4}200 apartments{/4}{/2}			acf.s120_p#1
s121	p	{1}corporate_fare{/1}{2}{3}Chủ đầu tư{/3}{4}Pafilia{/4}{/2}	{1}corporate_fare{/1}{2}{3}Developer{/3}{4}Pafilia{/4}{/2}			acf.s121_p#1
s122	p	Căn hộ 2 và 3 phòng ngủ, Trung tâm Paphos, Cộng Hòa Síp. Quy mô: 200 căn hộ. Đủ điều kiện chương trình Thường trú nhân Cộng hòa Síp (đầu tư bất động sản từ 300.000 EUR).	2- and 3-bedroom apartments in central Paphos, Cyprus. Scale: 200 apartments. Qualifies for Cyprus permanent residence (real estate investment from €300,000).			acf.s122_p
s123	cta	{1}Chi tiết{/1}{2}north_east{/2}	{1}Details{/1}{2}north_east{/2}		trung:s089	acf.s123_cta#1
s124	cta	Yêu cầu tư vấn	Book a consultation	100%: Book a consultation	trung:s090	acf.s124_cta
s125	p	{1}{2}description{/2}Lộ trình cư trú{/1} {3}{4}check_circle{/4}{5}Còn suất{/5}{/3}	{1}{2}description{/2}Residence route{/1} {3}{4}check_circle{/4}{5}Units available{/5}{/3}		trung:s076	acf.s125_p#1
s126	p	{1}🇨🇾{/1}{2}Cộng hòa Síp{/2}	{1}🇨🇾{/1}{2}Cyprus{/2}		trung:s111	acf.s126_p#1
s127	h3	Biệt thự ven biển Beachside Villa	Beachside Villa — seafront villas			acf.s127_h3
s128	p	Mức đầu tư	Investment	100%: Investment	trung:s079	acf.s128_p
s129	p	Từ 633.000 EUR	From €633,000	100%: From €633,000		acf.s129_p
s130	p	{1}apartment{/1}{2}{3}Loại hình{/3}{4}Biệt thự{/4}{/2}	{1}apartment{/1}{2}{3}Property type{/3}{4}Villas{/4}{/2}			acf.s130_p#1
s131	p	{1}handshake{/1}{2}{3}Hình thức đầu tư{/3}{4}Sở hữu 100%{/4}{/2}	{1}handshake{/1}{2}{3}Investment type{/3}{4}100% freehold ownership{/4}{/2}		trung:s082	acf.s131_p#1
s132	p	location_on	location_on	100%: location_on	trung:s083	acf.s132_p#1
s133	p	Vị trí	Location	100%: Location	trung:s084	acf.s133_p#1
s134	cta	Polis {1}open_in_new{/1}	Polis {1}open_in_new{/1}			acf.s134_cta#1
s135	p	{1}aspect_ratio{/1}{2}{3}Diện tích / Quy mô{/3}{4}28 biệt thự{/4}{/2}	{1}aspect_ratio{/1}{2}{3}Size / scale{/3}{4}28 villas{/4}{/2}			acf.s135_p#1
s136	p	{1}corporate_fare{/1}{2}{3}Chủ đầu tư{/3}{4}Pafilia{/4}{/2}	{1}corporate_fare{/1}{2}{3}Developer{/3}{4}Pafilia{/4}{/2}		trung:s121	acf.s136_p#1
s137	p	Biệt thự ven biển cao cấp, Ven biển Địa Trung Hải, gần thành phố Polis. Quy mô: 28 biệt thự. Đủ điều kiện chương trình Thường trú nhân Cộng hòa Síp (đầu tư bất động sản từ 300.000 EUR).	Premium seafront villas on the Mediterranean coast, near the town of Polis. Scale: 28 villas. Qualifies for Cyprus permanent residence (real estate investment from €300,000).			acf.s137_p
s138	cta	{1}Chi tiết{/1}{2}north_east{/2}	{1}Details{/1}{2}north_east{/2}		trung:s089	acf.s138_cta#1
s139	cta	Yêu cầu tư vấn	Book a consultation	100%: Book a consultation	trung:s090	acf.s139_cta
s140	p	{1}{2}description{/2}Lộ trình cư trú{/1} {3}{4}check_circle{/4}{5}Còn suất{/5}{/3}	{1}{2}description{/2}Residence route{/1} {3}{4}check_circle{/4}{5}Units available{/5}{/3}		trung:s076	acf.s140_p#1
s141	p	{1}🇨🇾{/1}{2}Cộng hòa Síp{/2}	{1}🇨🇾{/1}{2}Cyprus{/2}		trung:s111	acf.s141_p#1
s142	h3	Khu biệt thự Coral Vista	Coral Vista villas			acf.s142_h3
s143	p	Mức đầu tư	Investment	100%: Investment	trung:s079	acf.s143_p
s144	p	Từ 480.000 EUR	From €480,000	100%: From €480,000		acf.s144_p
s145	p	{1}apartment{/1}{2}{3}Loại hình{/3}{4}Biệt thự{/4}{/2}	{1}apartment{/1}{2}{3}Property type{/3}{4}Villas{/4}{/2}		trung:s130	acf.s145_p#1
s146	p	{1}handshake{/1}{2}{3}Hình thức đầu tư{/3}{4}Sở hữu 100%{/4}{/2}	{1}handshake{/1}{2}{3}Investment type{/3}{4}100% freehold ownership{/4}{/2}		trung:s082	acf.s146_p#1
s147	p	location_on	location_on	100%: location_on	trung:s083	acf.s147_p#1
s148	p	Vị trí	Location	100%: Location	trung:s084	acf.s148_p#1
s149	cta	Paphos {1}open_in_new{/1}	Paphos {1}open_in_new{/1}		trung:s119	acf.s149_cta#1
s150	p	{1}aspect_ratio{/1}{2}{3}Diện tích / Quy mô{/3}{4}19 biệt thự{/4}{/2}	{1}aspect_ratio{/1}{2}{3}Size / scale{/3}{4}19 villas{/4}{/2}			acf.s150_p#1
s151	p	{1}corporate_fare{/1}{2}{3}Chủ đầu tư{/3}{4}Pafilia{/4}{/2}	{1}corporate_fare{/1}{2}{3}Developer{/3}{4}Pafilia{/4}{/2}		trung:s121	acf.s151_p#1
s152	p	Biệt thự cao cấp, Đỉnh đồi Peyia, Paphos. Quy mô: 19 biệt thự. Đủ điều kiện chương trình Thường trú nhân Cộng hòa Síp (đầu tư bất động sản từ 300.000 EUR).	Premium villas on the Peyia hilltop, Paphos. Scale: 19 villas. Qualifies for Cyprus permanent residence (real estate investment from €300,000).			acf.s152_p
s153	cta	{1}Chi tiết{/1}{2}north_east{/2}	{1}Details{/1}{2}north_east{/2}		trung:s089	acf.s153_cta#1
s154	cta	Yêu cầu tư vấn	Book a consultation	100%: Book a consultation	trung:s090	acf.s154_cta
s155	p	{1}{2}description{/2}Lộ trình cư trú{/1} {3}{4}check_circle{/4}{5}Còn suất{/5}{/3}	{1}{2}description{/2}Residence route{/1} {3}{4}check_circle{/4}{5}Units available{/5}{/3}		trung:s076	acf.s155_p#1
s156	p	{1}🇨🇾{/1}{2}Cộng hòa Síp{/2}	{1}🇨🇾{/1}{2}Cyprus{/2}		trung:s111	acf.s156_p#1
s157	h3	Limassol Marina	Limassol Marina	100%: Limassol Marina		acf.s157_h3
s158	p	Mức đầu tư	Investment	100%: Investment	trung:s079	acf.s158_p
s159	p	Từ 3.900.000 EUR	From €3,900,000	100%: From €3,900,000		acf.s159_p
s160	p	{1}apartment{/1}{2}{3}Loại hình{/3}{4}Biệt thự & Căn hộ{/4}{/2}	{1}apartment{/1}{2}{3}Property type{/3}{4}Villas & apartments{/4}{/2}			acf.s160_p#1
s161	p	{1}handshake{/1}{2}{3}Hình thức đầu tư{/3}{4}Sở hữu 100%{/4}{/2}	{1}handshake{/1}{2}{3}Investment type{/3}{4}100% freehold ownership{/4}{/2}		trung:s082	acf.s161_p#1
s162	p	location_on	location_on	100%: location_on	trung:s083	acf.s162_p#1
s163	p	Vị trí	Location	100%: Location	trung:s084	acf.s163_p#1
s164	cta	Limassol {1}open_in_new{/1}	Limassol {1}open_in_new{/1}			acf.s164_cta#1
s165	p	{1}aspect_ratio{/1}{2}{3}Diện tích / Quy mô{/3}{4}Khu phức hợp bến du thuyền{/4}{/2}	{1}aspect_ratio{/1}{2}{3}Size / scale{/3}{4}Marina complex{/4}{/2}			acf.s165_p#1
s166	p	{1}corporate_fare{/1}{2}{3}Chủ đầu tư{/3}{4}Cybarco{/4}{/2}	{1}corporate_fare{/1}{2}{3}Developer{/3}{4}Cybarco{/4}{/2}			acf.s166_p#1
s167	p	Biệt thự và căn hộ hạng sang, Bến du thuyền Limassol Marina. Đủ điều kiện chương trình Thường trú nhân Cộng hòa Síp (đầu tư bất động sản từ 300.000 EUR).	Luxury villas and apartments at Limassol Marina. Qualifies for Cyprus permanent residence (real estate investment from €300,000).			acf.s167_p
s168	cta	{1}Chi tiết{/1}{2}north_east{/2}	{1}Details{/1}{2}north_east{/2}		trung:s089	acf.s168_cta#1
s169	cta	Yêu cầu tư vấn	Book a consultation	100%: Book a consultation	trung:s090	acf.s169_cta
s170	p	{1}{2}description{/2}Lộ trình cư trú{/1} {3}{4}check_circle{/4}{5}Còn suất{/5}{/3}	{1}{2}description{/2}Residence route{/1} {3}{4}check_circle{/4}{5}Units available{/5}{/3}		trung:s076	acf.s170_p#1
s171	p	{1}🇨🇾{/1}{2}Cộng hòa Síp{/2}	{1}🇨🇾{/1}{2}Cyprus{/2}		trung:s111	acf.s171_p#1
s172	h3	Căn hộ phức hợp 5 sao Pafilia Plaza	Pafilia Plaza 5-star mixed-use apartments			acf.s172_h3
s173	p	Mức đầu tư	Investment	100%: Investment	trung:s079	acf.s173_p
s174	p	Từ 378.000 EUR	From €378,000	92%: From €375,000		acf.s174_p
s175	p	{1}apartment{/1}{2}{3}Loại hình{/3}{4}Căn hộ{/4}{/2}	{1}apartment{/1}{2}{3}Property type{/3}{4}Apartments{/4}{/2}		trung:s081	acf.s175_p#1
s176	p	{1}handshake{/1}{2}{3}Hình thức đầu tư{/3}{4}Sở hữu 100%{/4}{/2}	{1}handshake{/1}{2}{3}Investment type{/3}{4}100% freehold ownership{/4}{/2}		trung:s082	acf.s176_p#1
s177	p	location_on	location_on	100%: location_on	trung:s083	acf.s177_p#1
s178	p	Vị trí	Location	100%: Location	trung:s084	acf.s178_p#1
s179	cta	Paphos {1}open_in_new{/1}	Paphos {1}open_in_new{/1}		trung:s119	acf.s179_cta#1
s180	p	{1}aspect_ratio{/1}{2}{3}Diện tích / Quy mô{/3}{4}82 căn hộ{/4}{/2}	{1}aspect_ratio{/1}{2}{3}Size / scale{/3}{4}82 apartments{/4}{/2}			acf.s180_p#1
s181	p	{1}corporate_fare{/1}{2}{3}Chủ đầu tư{/3}{4}Pafilia{/4}{/2}	{1}corporate_fare{/1}{2}{3}Developer{/3}{4}Pafilia{/4}{/2}		trung:s121	acf.s181_p#1
s182	p	Căn hộ phức hợp 5 sao, Trung tâm Paphos, Cộng Hòa Síp. Quy mô: 8 tầng, 82 căn hộ. Đủ điều kiện chương trình Thường trú nhân Cộng hòa Síp (đầu tư bất động sản từ 300.000 EUR).	Five-star mixed-use apartments in central Paphos, Cyprus. Scale: 8 floors, 82 apartments. Qualifies for Cyprus permanent residence (real estate investment from €300,000).			acf.s182_p
s183	cta	{1}Chi tiết{/1}{2}north_east{/2}	{1}Details{/1}{2}north_east{/2}		trung:s089	acf.s183_cta#1
s184	cta	Yêu cầu tư vấn	Book a consultation	100%: Book a consultation	trung:s090	acf.s184_cta
s185	p	{1}{2}description{/2}Lộ trình cư trú{/1} {3}{4}check_circle{/4}{5}Còn suất{/5}{/3}	{1}{2}description{/2}Residence route{/1} {3}{4}check_circle{/4}{5}Units available{/5}{/3}		trung:s076	acf.s185_p#1
s186	p	{1}🇨🇾{/1}{2}Cộng hòa Síp{/2}	{1}🇨🇾{/1}{2}Cyprus{/2}		trung:s111	acf.s186_p#1
s187	h3	Biệt thự nhà phố Konia Green	Konia Green villas and townhouses			acf.s187_h3
s188	p	Mức đầu tư	Investment	100%: Investment	trung:s079	acf.s188_p
s189	p	Từ 345.000 EUR	From €345,000	100%: From €345,000		acf.s189_p
s190	p	{1}apartment{/1}{2}{3}Loại hình{/3}{4}Biệt thự & Nhà phố{/4}{/2}	{1}apartment{/1}{2}{3}Property type{/3}{4}Villas & townhouses{/4}{/2}			acf.s190_p#1
s191	p	{1}handshake{/1}{2}{3}Hình thức đầu tư{/3}{4}Sở hữu 100%{/4}{/2}	{1}handshake{/1}{2}{3}Investment type{/3}{4}100% freehold ownership{/4}{/2}		trung:s082	acf.s191_p#1
s192	p	location_on	location_on	100%: location_on	trung:s083	acf.s192_p#1
s193	p	Vị trí	Location	100%: Location	trung:s084	acf.s193_p#1
s194	cta	Paphos {1}open_in_new{/1}	Paphos {1}open_in_new{/1}		trung:s119	acf.s194_cta#1
s195	p	{1}aspect_ratio{/1}{2}{3}Diện tích / Quy mô{/3}{4}34 biệt thự & 26 nhà phố{/4}{/2}	{1}aspect_ratio{/1}{2}{3}Size / scale{/3}{4}34 villas & 26 townhouses{/4}{/2}			acf.s195_p#1
s196	p	{1}corporate_fare{/1}{2}{3}Chủ đầu tư{/3}{4}Pafilia{/4}{/2}	{1}corporate_fare{/1}{2}{3}Developer{/3}{4}Pafilia{/4}{/2}		trung:s121	acf.s196_p#1
s197	p	Biệt thự đơn lập và nhà phố, Gần trung tâm Paphos, Cộng Hòa Síp. Quy mô: 34 biệt thự đơn lập và 26 nhà phố. Đủ điều kiện chương trình Thường trú nhân Cộng hòa Síp (đầu tư bất động sản từ 300.000 EUR).	Detached villas and townhouses near central Paphos, Cyprus. Scale: 34 detached villas and 26 townhouses. Qualifies for Cyprus permanent residence (real estate investment from €300,000).			acf.s197_p
s198	cta	{1}Chi tiết{/1}{2}north_east{/2}	{1}Details{/1}{2}north_east{/2}		trung:s089	acf.s198_cta#1
s199	cta	Yêu cầu tư vấn	Book a consultation	100%: Book a consultation	trung:s090	acf.s199_cta
s200	p	{1}{2}description{/2}Lộ trình cư trú{/1} {3}{4}check_circle{/4}{5}Còn suất{/5}{/3}	{1}{2}description{/2}Residence route{/1} {3}{4}check_circle{/4}{5}Units available{/5}{/3}		trung:s076	acf.s200_p#1
s201	p	{1}🇨🇾{/1}{2}Cộng hòa Síp{/2}	{1}🇨🇾{/1}{2}Cyprus{/2}		trung:s111	acf.s201_p#1
s202	h3	Căn hộ & biệt thự Seaview Heights	Seaview Heights apartments and villas			acf.s202_h3#1
s203	p	Mức đầu tư	Investment	100%: Investment	trung:s079	acf.s203_p
s204	p	Từ 320.000 EUR	From €320,000	100%: From €320,000		acf.s204_p
s205	p	{1}apartment{/1}{2}{3}Loại hình{/3}{4}Căn hộ & Biệt thự{/4}{/2}	{1}apartment{/1}{2}{3}Property type{/3}{4}Apartments & villas{/4}{/2}			acf.s205_p#1
s206	p	{1}handshake{/1}{2}{3}Hình thức đầu tư{/3}{4}Sở hữu 100%{/4}{/2}	{1}handshake{/1}{2}{3}Investment type{/3}{4}100% freehold ownership{/4}{/2}		trung:s082	acf.s206_p#1
s207	p	location_on	location_on	100%: location_on	trung:s083	acf.s207_p#1
s208	p	Vị trí	Location	100%: Location	trung:s084	acf.s208_p#1
s209	cta	Limassol {1}open_in_new{/1}	Limassol {1}open_in_new{/1}		trung:s164	acf.s209_cta#1
s210	p	{1}aspect_ratio{/1}{2}{3}Diện tích / Quy mô{/3}{4}81 căn hộ & 9 biệt thự{/4}{/2}	{1}aspect_ratio{/1}{2}{3}Size / scale{/3}{4}81 apartments & 9 villas{/4}{/2}			acf.s210_p#1
s211	p	{1}corporate_fare{/1}{2}{3}Chủ đầu tư{/3}{4}Cybarco{/4}{/2}	{1}corporate_fare{/1}{2}{3}Developer{/3}{4}Cybarco{/4}{/2}		trung:s166	acf.s211_p#1
s212	p	Căn hộ cao cấp (1 - 3 PN) và Biệt thự sang trọng (3 - 4 PN), Limassol, Cộng Hòa Síp. Quy mô: 81 căn hộ và 9 căn biệt thự. Đủ điều kiện chương trình Thường trú nhân Cộng hòa Síp (đầu tư bất động sản từ 300.000 EUR).	Premium apartments (1–3 bedrooms) and luxury villas (3–4 bedrooms) in Limassol, Cyprus. Scale: 81 apartments and 9 villas. Qualifies for Cyprus permanent residence (real estate investment from €300,000).			acf.s212_p
s213	cta	{1}Chi tiết{/1}{2}north_east{/2}	{1}Details{/1}{2}north_east{/2}		trung:s089	acf.s213_cta#1
s214	cta	Yêu cầu tư vấn	Book a consultation	100%: Book a consultation	trung:s090	acf.s214_cta
s215	p	{1}{2}description{/2}Lộ trình cư trú{/1} {3}{4}check_circle{/4}{5}Còn suất{/5}{/3}	{1}{2}description{/2}Residence route{/1} {3}{4}check_circle{/4}{5}Units available{/5}{/3}		trung:s076	acf.s215_p#1
s216	p	{1}🇨🇾{/1}{2}Cộng hòa Síp{/2}	{1}🇨🇾{/1}{2}Cyprus{/2}		trung:s111	acf.s216_p#1
s217	h3	Căn hộ cao cấp Park Residences	Park Residences premium apartments			acf.s217_h3
s218	p	Mức đầu tư	Investment	100%: Investment	trung:s079	acf.s218_p
s219	p	Từ 320.000 EUR	From €320,000	100%: From €320,000	trung:s204	acf.s219_p
s220	p	{1}apartment{/1}{2}{3}Loại hình{/3}{4}Căn hộ{/4}{/2}	{1}apartment{/1}{2}{3}Property type{/3}{4}Apartments{/4}{/2}		trung:s081	acf.s220_p#1
s221	p	{1}handshake{/1}{2}{3}Hình thức đầu tư{/3}{4}Sở hữu 100%{/4}{/2}	{1}handshake{/1}{2}{3}Investment type{/3}{4}100% freehold ownership{/4}{/2}		trung:s082	acf.s221_p#1
s222	p	location_on	location_on	100%: location_on	trung:s083	acf.s222_p#1
s223	p	Vị trí	Location	100%: Location	trung:s084	acf.s223_p#1
s224	cta	Nicosia {1}open_in_new{/1}	Nicosia {1}open_in_new{/1}			acf.s224_cta#1
s225	p	{1}aspect_ratio{/1}{2}{3}Diện tích / Quy mô{/3}{4}12 căn hộ{/4}{/2}	{1}aspect_ratio{/1}{2}{3}Size / scale{/3}{4}12 apartments{/4}{/2}			acf.s225_p#1
s226	p	{1}corporate_fare{/1}{2}{3}Chủ đầu tư{/3}{4}Cybarco{/4}{/2}	{1}corporate_fare{/1}{2}{3}Developer{/3}{4}Cybarco{/4}{/2}		trung:s166	acf.s226_p#1
s227	p	Căn hộ cao cấp 2 và 3 phòng ngủ, Khu Acropolis, Thủ đô Nicosia, Cộng Hòa Síp. Quy mô: Tòa tháp căn hộ boutique 4 tầng với tổng cộng 12 căn hộ. Đủ điều kiện chương trình Thường trú nhân Cộng hòa Síp (đầu tư bất động sản từ 300.000 EUR).	2- and 3-bedroom premium apartments in Acropolis, Nicosia, Cyprus. Scale: a 4-story boutique building with 12 apartments in total. Qualifies for Cyprus permanent residence (real estate investment from €300,000).			acf.s227_p
s228	cta	{1}Chi tiết{/1}{2}north_east{/2}	{1}Details{/1}{2}north_east{/2}		trung:s089	acf.s228_cta#1
s229	cta	Yêu cầu tư vấn	Book a consultation	100%: Book a consultation	trung:s090	acf.s229_cta
s230	p	{1}{2}description{/2}Lộ trình cư trú{/1} {3}{4}check_circle{/4}{5}Còn suất{/5}{/3}	{1}{2}description{/2}Residence route{/1} {3}{4}check_circle{/4}{5}Units available{/5}{/3}		trung:s076	acf.s230_p#1
s231	p	{1}🇨🇾{/1}{2}Cộng hòa Síp{/2}	{1}🇨🇾{/1}{2}Cyprus{/2}		trung:s111	acf.s231_p#1
s232	h3	Căn hộ cao cấp Centro Limassol	Centro Limassol premium apartments			acf.s232_h3
s233	p	Mức đầu tư	Investment	100%: Investment	trung:s079	acf.s233_p
s234	p	Từ 350.000 EUR	From €350,000	100%: From €350,000		acf.s234_p
s235	p	{1}apartment{/1}{2}{3}Loại hình{/3}{4}Căn hộ{/4}{/2}	{1}apartment{/1}{2}{3}Property type{/3}{4}Apartments{/4}{/2}		trung:s081	acf.s235_p#1
s236	p	{1}handshake{/1}{2}{3}Hình thức đầu tư{/3}{4}Sở hữu 100%{/4}{/2}	{1}handshake{/1}{2}{3}Investment type{/3}{4}100% freehold ownership{/4}{/2}		trung:s082	acf.s236_p#1
s237	p	location_on	location_on	100%: location_on	trung:s083	acf.s237_p#1
s238	p	Vị trí	Location	100%: Location	trung:s084	acf.s238_p#1
s239	cta	Limassol {1}open_in_new{/1}	Limassol {1}open_in_new{/1}		trung:s164	acf.s239_cta#1
s240	p	{1}aspect_ratio{/1}{2}{3}Diện tích / Quy mô{/3}{4}60 căn hộ{/4}{/2}	{1}aspect_ratio{/1}{2}{3}Size / scale{/3}{4}60 apartments{/4}{/2}			acf.s240_p#1
s241	p	{1}corporate_fare{/1}{2}{3}Chủ đầu tư{/3}{4}Cybarco{/4}{/2}	{1}corporate_fare{/1}{2}{3}Developer{/3}{4}Cybarco{/4}{/2}		trung:s166	acf.s241_p#1
s242	p	Căn hộ cao cấp 1 & 2 phòng ngủ, Trung tâm Limassol, Cộng Hòa Síp. Quy mô: 60 căn hộ. Đủ điều kiện chương trình Thường trú nhân Cộng hòa Síp (đầu tư bất động sản từ 300.000 EUR).	1- and 2-bedroom premium apartments in central Limassol, Cyprus. Scale: 60 apartments. Qualifies for Cyprus permanent residence (real estate investment from €300,000).			acf.s242_p#1
s243	cta	{1}Chi tiết{/1}{2}north_east{/2}	{1}Details{/1}{2}north_east{/2}		trung:s089	acf.s243_cta#1
s244	cta	Yêu cầu tư vấn	Book a consultation	100%: Book a consultation	trung:s090	acf.s244_cta
s245	p	{1}{2}description{/2}Lộ trình cư trú{/1} {3}{4}check_circle{/4}{5}Còn suất{/5}{/3}	{1}{2}description{/2}Residence route{/1} {3}{4}check_circle{/4}{5}Units available{/5}{/3}		trung:s076	acf.s245_p#1
s246	p	{1}🇨🇾{/1}{2}Cộng hòa Síp{/2}	{1}🇨🇾{/1}{2}Cyprus{/2}		trung:s111	acf.s246_p#1
s247	h3	Căn hộ cao cấp Aktea Residences 4	Aktea Residences 4 premium apartments			acf.s247_h3
s248	p	Mức đầu tư	Investment	100%: Investment	trung:s079	acf.s248_p
s249	p	Từ 545.000 EUR	From €545,000	92%: From €345,000		acf.s249_p
s250	p	{1}apartment{/1}{2}{3}Loại hình{/3}{4}Căn hộ{/4}{/2}	{1}apartment{/1}{2}{3}Property type{/3}{4}Apartments{/4}{/2}		trung:s081	acf.s250_p#1
s251	p	{1}handshake{/1}{2}{3}Hình thức đầu tư{/3}{4}Sở hữu 100%{/4}{/2}	{1}handshake{/1}{2}{3}Investment type{/3}{4}100% freehold ownership{/4}{/2}		trung:s082	acf.s251_p#1
s252	p	location_on	location_on	100%: location_on	trung:s083	acf.s252_p#1
s253	p	Vị trí	Location	100%: Location	trung:s084	acf.s253_p#1
s254	cta	Limassol {1}open_in_new{/1}	Limassol {1}open_in_new{/1}		trung:s164	acf.s254_cta#1
s255	p	{1}aspect_ratio{/1}{2}{3}Diện tích / Quy mô{/3}{4}Tòa căn hộ 4 tầng{/4}{/2}	{1}aspect_ratio{/1}{2}{3}Size / scale{/3}{4}4-story apartment building{/4}{/2}			acf.s255_p#1
s256	p	{1}corporate_fare{/1}{2}{3}Chủ đầu tư{/3}{4}Cybarco{/4}{/2}	{1}corporate_fare{/1}{2}{3}Developer{/3}{4}Cybarco{/4}{/2}		trung:s166	acf.s256_p#1
s257	p	Căn hộ cao cấp 1 và 2 phòng ngủ, Trung tâm Limassol, Cộng Hòa Síp (Cách biển 1km). Quy mô: Tòa tháp căn hộ boutique 4 tầng. Đủ điều kiện chương trình Thường trú nhân Cộng hòa Síp (đầu tư bất động sản từ 300.000 EUR).	1- and 2-bedroom premium apartments in central Limassol, Cyprus, 1 km from the sea. Scale: a 4-story boutique apartment building. Qualifies for Cyprus permanent residence (real estate investment from €300,000).			acf.s257_p
s258	cta	{1}Chi tiết{/1}{2}north_east{/2}	{1}Details{/1}{2}north_east{/2}		trung:s089	acf.s258_cta#1
s259	cta	Yêu cầu tư vấn	Book a consultation	100%: Book a consultation	trung:s090	acf.s259_cta
s260	cta	Xem tất cả bất động sản Cộng hòa Síp	See all properties in Cyprus			acf.s260_cta
s261	p	Đầu tư & quốc tịch	Investment & citizenship	85%: {1}A{/1} Citizenship by investment		acf.s261_p#1
s262	h2	Sở hữu bất động sản lấy trực tiếp quốc tịch thứ hai	Real estate that leads directly to a second citizenship			acf.s262_h2
s263	p	“Mỗi quốc gia có hình thức đầu tư, mức đầu tư và điều kiện chương trình khác nhau. Chọn quốc gia để xem các dự án hiện có.”	"""Each country has its own investment structure, threshold, and program conditions. Choose a country to see the projects available."""			acf.s263_p
s264	cta	{1}🇹🇷{/1}{2}Thổ Nhĩ Kỳ{/2}{3}1{/3}	{1}🇹🇷{/1}{2}Türkiye{/2}{3}1{/3}			acf.s264_cta#1
s265	cta	{1}🇩🇲{/1}{2}Dominica{/2}{3}1{/3}	{1}🇩🇲{/1}{2}Dominica{/2}{3}1{/3}			acf.s265_cta#1
s266	cta	{1}🇬🇩{/1}{2}Grenada{/2}{3}1{/3}	{1}🇬🇩{/1}{2}Grenada{/2}{3}1{/3}			acf.s266_cta#1
s267	p	verified_user	verified_user	100%: verified_user		acf.s267_p#1
s268	p	**Quốc tịch Thổ Nhĩ Kỳ:** Đầu tư từ 400.000 USD, sở hữu bất động sản, giữ tài sản 3 năm, nhận quốc tịch và hộ chiếu sau 6-8 tháng.	**Turkish citizenship:** invest from US$400,000 in real estate you own outright and hold it for 3 years; citizenship and passports are typically issued in about 6–8 months.			acf.s268_p#1
s269	p	{1}{2}description{/2}Lộ trình quốc tịch{/1} {3}{4}check_circle{/4}{5}Còn suất{/5}{/3}	{1}{2}description{/2}Citizenship route{/1} {3}{4}check_circle{/4}{5}Units available{/5}{/3}			acf.s269_p#1
s270	p	{1}🇹🇷{/1}{2}Thổ Nhĩ Kỳ{/2}	{1}🇹🇷{/1}{2}Türkiye{/2}			acf.s270_p#1
s271	h3	Căn hộ cao cấp Axis Istanbul	Axis Istanbul premium apartments			acf.s271_h3
s272	p	Mức đầu tư	Investment	100%: Investment	trung:s079	acf.s272_p
s273	p	Từ 400.000 USD	From US$400,000	100%: from US$400,000	trung:s066	acf.s273_p
s274	p	{1}apartment{/1}{2}{3}Loại hình{/3}{4}Căn hộ{/4}{/2}	{1}apartment{/1}{2}{3}Property type{/3}{4}Apartments{/4}{/2}		trung:s081	acf.s274_p#1
s275	p	{1}handshake{/1}{2}{3}Hình thức đầu tư{/3}{4}Sở hữu 100%{/4}{/2}	{1}handshake{/1}{2}{3}Investment type{/3}{4}100% freehold ownership{/4}{/2}		trung:s082	acf.s275_p#1
s276	p	location_on	location_on	100%: location_on	trung:s083	acf.s276_p#1
s277	p	Vị trí	Location	100%: Location	trung:s084	acf.s277_p#1
s278	cta	Istanbul {1}open_in_new{/1}	Istanbul {1}open_in_new{/1}			acf.s278_cta#1
s279	p	{1}aspect_ratio{/1}{2}{3}Diện tích / Quy mô{/3}{4}Căn hộ trong khu phức hợp{/4}{/2}	{1}aspect_ratio{/1}{2}{3}Size / scale{/3}{4}Apartments in a mixed-use complex{/4}{/2}			acf.s279_p#1
s280	p	{1}corporate_fare{/1}{2}{3}Chủ đầu tư{/3}{4}Sur Yapi{/4}{/2}	{1}corporate_fare{/1}{2}{3}Developer{/3}{4}Sur Yapı{/4}{/2}			acf.s280_p#1
s281	p	Căn hộ cao cấp trong khu phức hợp Axis (Axis Mall, ngay tuyến Metro M1 và cao tốc O-3) tại quận trung tâm kinh doanh Istanbul, mạn châu Âu. Đủ điều kiện chương trình Quốc tịch Thổ Nhĩ Kỳ (đầu tư bất động sản từ 400.000 USD).	Premium apartments in the Axis complex (Axis Mall, directly on the M1 metro line and the O-3 highway) in Istanbul's central business district, on the European side. Qualifies for the Turkey Citizenship by Investment program (real estate investment from US$400,000).			acf.s281_p
s282	cta	{1}Chi tiết{/1}{2}north_east{/2}	{1}Details{/1}{2}north_east{/2}		trung:s089	acf.s282_cta#1
s283	cta	Yêu cầu tư vấn	Book a consultation	100%: Book a consultation	trung:s090	acf.s283_cta
s284	cta	Tìm hiểu thêm Quốc Tịch Thổ Nhĩ Kỳ	More on Turkish citizenship			acf.s284_cta
s285	p	verified_user	verified_user	100%: verified_user	trung:s267	acf.s285_p#1
s286	p	**Quốc tịch Dominica:** Đầu tư cổ phần dự án resort được Chính phủ phê duyệt từ 200.000 USD, giữ tài sản 3-5 năm, nhận hộ chiếu trong khoảng 6-9 tháng.	**Dominica citizenship:** invest from US$200,000 in a share of a government-approved resort project and hold it for 3–5 years; passports are typically issued in about 6–9 months.			acf.s286_p#1
s287	p	{1}{2}description{/2}Lộ trình quốc tịch{/1} {3}{4}check_circle{/4}{5}Còn suất{/5}{/3}	{1}{2}description{/2}Citizenship route{/1} {3}{4}check_circle{/4}{5}Units available{/5}{/3}		trung:s269	acf.s287_p#1
s288	p	{1}🇩🇲{/1}{2}Dominica{/2}	{1}🇩🇲{/1}{2}Dominica{/2}	88%: Dominica		acf.s288_p#1
s289	h3	Resort Secret Bay	Secret Bay resort			acf.s289_h3
s290	p	Mức đầu tư	Investment	100%: Investment	trung:s079	acf.s290_p
s291	p	Từ 212.000 USD	From US$212,000	88%: US$212,000		acf.s291_p
s292	p	{1}apartment{/1}{2}{3}Loại hình{/3}{4}Cổ phần resort 6 sao{/4}{/2}	{1}apartment{/1}{2}{3}Property type{/3}{4}A share in a 6-star resort{/4}{/2}			acf.s292_p#1
s293	p	{1}handshake{/1}{2}{3}Hình thức đầu tư{/3}{4}Cổ phần dự án{/4}{/2}	{1}handshake{/1}{2}{3}Investment type{/3}{4}A share in the project{/4}{/2}			acf.s293_p#1
s294	p	location_on	location_on	100%: location_on	trung:s083	acf.s294_p#1
s295	p	Vị trí	Location	100%: Location	trung:s084	acf.s295_p#1
s296	cta	Portsmouth {1}open_in_new{/1}	Portsmouth {1}open_in_new{/1}			acf.s296_cta#1
s297	p	{1}aspect_ratio{/1}{2}{3}Diện tích / Quy mô{/3}{4}Cổ phần resort 6 sao{/4}{/2}	{1}aspect_ratio{/1}{2}{3}Size / scale{/3}{4}A share in a 6-star resort{/4}{/2}			acf.s297_p#1
s298	p	{1}corporate_fare{/1}{2}{3}Chủ đầu tư{/3}{4}GEMS Holding Ltd{/4}{/2}	{1}corporate_fare{/1}{2}{3}Developer{/3}{4}GEMS Holding Ltd{/4}{/2}			acf.s298_p#1
s299	p	Cổ phần trong resort 6 sao Secret Bay (nhà phát triển GEMS Holding) thuộc danh mục dự án được Chính phủ Dominica phê duyệt. Đủ điều kiện chương trình Quốc tịch Dominica theo diện đầu tư bất động sản.	A share in the 6-star Secret Bay resort, developed by GEMS Holding, which is on the list of projects approved by the Government of Dominica. Qualifies for the Dominica Citizenship by Investment program under the real estate option.			acf.s299_p
s300	cta	{1}Chi tiết{/1}{2}north_east{/2}	{1}Details{/1}{2}north_east{/2}		trung:s089	acf.s300_cta#1
s301	cta	Yêu cầu tư vấn	Book a consultation	100%: Book a consultation	trung:s090	acf.s301_cta
s302	cta	Tìm hiểu thêm Quốc Tịch Dominica	More on Dominica citizenship			acf.s302_cta
s303	p	verified_user	verified_user	100%: verified_user	trung:s267	acf.s303_p#1
s304	p	**Quốc tịch Grenada:** Đầu tư cổ phần dự án được phê duyệt từ 270.000 USD, nhận hộ chiếu Grenada — quốc gia duy nhất vùng Caribbean có hiệp ước E-2 với Hoa Kỳ.	**Grenadian citizenship:** invest from US$270,000 in a share of a government-approved project to apply for a Grenadian passport — among Caribbean citizenship-by-investment countries, only Grenada has an E-2 treaty with the United States.			acf.s304_p#1
s305	p	{1}{2}description{/2}Lộ trình quốc tịch{/1} {3}{4}check_circle{/4}{5}Còn suất{/5}{/3}	{1}{2}description{/2}Citizenship route{/1} {3}{4}check_circle{/4}{5}Units available{/5}{/3}		trung:s269	acf.s305_p#1
s306	p	{1}🇬🇩{/1}{2}Grenada{/2}	{1}🇬🇩{/1}{2}Grenada{/2}	87%: Grenada		acf.s306_p#1
s307	h3	InterContinental Grenada Resort	InterContinental Grenada Resort	100%: InterContinental Grenada Resort		acf.s307_h3
s308	p	Mức đầu tư	Investment	100%: Investment	trung:s079	acf.s308_p
s309	p	Từ 270.000 USD	From US$270,000	92%: From US$200,000		acf.s309_p
s310	p	{1}apartment{/1}{2}{3}Loại hình{/3}{4}Cổ phần resort{/4}{/2}	{1}apartment{/1}{2}{3}Property type{/3}{4}A share in a resort{/4}{/2}			acf.s310_p#1
s311	p	{1}handshake{/1}{2}{3}Hình thức đầu tư{/3}{4}Cổ phần dự án{/4}{/2}	{1}handshake{/1}{2}{3}Investment type{/3}{4}A share in the project{/4}{/2}		trung:s293	acf.s311_p#1
s312	p	location_on	location_on	100%: location_on	trung:s083	acf.s312_p#1
s313	p	Vị trí	Location	100%: Location	trung:s084	acf.s313_p#1
s314	cta	La Sagesse {1}open_in_new{/1}	La Sagesse {1}open_in_new{/1}			acf.s314_cta#1
s315	p	{1}aspect_ratio{/1}{2}{3}Diện tích / Quy mô{/3}{4}150 phòng{/4}{/2}	{1}aspect_ratio{/1}{2}{3}Size / scale{/3}{4}150 rooms{/4}{/2}			acf.s315_p#1
s316	p	{1}corporate_fare{/1}{2}{3}Chủ đầu tư{/3}{4}Range Developments{/4}{/2}	{1}corporate_fare{/1}{2}{3}Developer{/3}{4}Range Developments{/4}{/2}			acf.s316_p#1
s317	p	Cổ phần bất động sản trong resort InterContinental (IHG, 150 phòng, phát triển bởi Range Developments) tại bãi biển La Sagesse, phía Nam Grenada. Đủ điều kiện chương trình Quốc tịch Grenada — quốc gia Caribbean duy nhất có hiệp ước E-2 với Hoa Kỳ.	A real estate share in the InterContinental resort (IHG, 150 rooms, developed by Range Developments) on La Sagesse beach in southern Grenada. Qualifies for the Grenada Citizenship by Investment program — among Caribbean citizenship-by-investment countries, only Grenada has an E-2 treaty with the United States.			acf.s317_p
s318	cta	{1}Chi tiết{/1}{2}north_east{/2}	{1}Details{/1}{2}north_east{/2}		trung:s089	acf.s318_cta#1
s319	cta	Yêu cầu tư vấn	Book a consultation	100%: Book a consultation	trung:s090	acf.s319_cta
s320	cta	Tìm hiểu thêm Quốc Tịch Grenada	More on Grenadian citizenship			acf.s320_cta
s321	p	Đối chiếu chiến lược	Compare the two routes			acf.s321_p#1
s322	h2	Bảng So Sánh Hai Định Hướng Đầu Tư	The two investment routes side by side			acf.s322_h2
s323	p	Phân định rõ ràng bản chất pháp lý, loại hình tài sản và quốc gia áp dụng giúp gia đình lựa chọn đúng lộ trình phù hợp với mục tiêu dài hạn.	Setting out the legal basis, the type of asset, and the countries involved helps you and your family choose the route that fits your long-term objective.			acf.s323_p
s324	p	{1}{2}shield{/2}{/1}{3}Quyền cư trú{/3}	{1}{2}shield{/2}{/1}{3}Residence rights{/3}			acf.s324_p#1
s325	p	{1}{2}language{/2}{/1}{3}Quốc tịch thứ hai{/3}	{1}{2}language{/2}{/1}{3}Second citizenship{/3}			acf.s325_p#1
s326	p	Định hướng / Lựa chọn	Route			acf.s326_p#1
s327	p	Bất động sản kèm quyền cư trú (Golden Visa / Thường trú nhân)	Real estate with residence rights (Golden Visa / permanent residence)			acf.s327_p
s328	p	Nhà đầu tư sở hữu tài sản địa ốc đáp ứng quy định để nhận thẻ cư trú cho cả gia đình.	You own a qualifying property and receive a residence permit for the whole family.			acf.s328_p
s329	p	Bất động sản kèm quốc tịch	Real estate with citizenship		trung:s060	acf.s329_p
s330	p	Nhà đầu tư tham gia dự án được Chính phủ phê duyệt để nhận hộ chiếu và quyền công dân.	You invest in a government-approved project and are granted citizenship and a passport.			acf.s330_p
s331	p	Mục tiêu	Goal	100%: Goal		acf.s331_p#1
s332	p	{1}check_circle{/1}{2}Thêm quyền cư trú hợp pháp tại quốc gia định cư{/2}	{1}check_circle{/1}{2}Adds a lawful right of residence in the destination country{/2}			acf.s332_p#1
s333	li	Thẻ cư trú/Thường trú nhân (PR) cho cả gia đình	A residence permit or permanent residence (PR) for the whole family			acf.s333_li
s334	li	Tự do đi lại trong khối Schengen/châu Âu; mở rộng khả năng đi lại quốc tế	Travel in the Schengen area with a European Golden Visa, and wider international travel			acf.s334_li
s335	li	Tạo nền tảng học tập & sinh sống lâu dài tại nước sở tại	A base for long-term study and living in the host country			acf.s335_li#1
s336	p	{1}check_circle{/1}{2}Sở hữu quốc tịch và hộ chiếu thứ hai{/2}	{1}check_circle{/1}{2}A second citizenship and passport{/2}			acf.s336_p#1
s337	li	Quyền công dân đầy đủ, mở rộng quyền đi lại quốc tế	Full citizenship rights, and wider international travel			acf.s337_li
s338	li	Kế hoạch dự phòng công dân toàn cầu cho cả gia đình	A global citizenship fallback plan for the whole family			acf.s338_li
s339	li	Không bắt buộc thời gian cư trú thực tế tại quốc gia đầu tư	No minimum physical residence in the country you invest in			acf.s339_li
s340	p	Tài sản	The asset			acf.s340_p#1
s341	p	Sở hữu 100% Bất động sản vĩnh viễn	100% freehold ownership of the property			acf.s341_p
s342	p	Đứng tên sổ đỏ chính chủ căn hộ cao cấp, biệt thự ven biển hoặc dự án phục hồi/chuyển đổi công năng đủ điều kiện chương trình.	The title deed is in your own name — a premium apartment, a seafront villa, or a qualifying restoration or change-of-use property.			acf.s342_p
s343	p	Sở hữu BĐS hoặc Cổ phần trong dự án trọng điểm	Property ownership, or a share in a flagship project			acf.s343_p
s344	p	Sở hữu 100% căn hộ (Thổ Nhĩ Kỳ) hoặc sở hữu cổ phần dự án, nhận lợi tức hàng năm (Dominica, Grenada).	100% ownership of an apartment (Türkiye), or a share in the project with a projected — not guaranteed — annual return (Dominica, Grenada).			acf.s344_p
s345	p	Quốc gia hiện có	Countries available			acf.s345_p#1
s346	p	{1}{2}🇬🇷{/2}{3}Hy Lạp{/3}{/1}{4}{5}🇨🇾{/5}{6}Cộng hòa Síp{/6}{/4}	{1}{2}🇬🇷{/2}{3}Greece{/3}{/1}{4}{5}🇨🇾{/5}{6}Cyprus{/6}{/4}			acf.s346_p#1
s347	p	{1}{2}🇹🇷{/2}{3}Thổ Nhĩ Kỳ{/3}{/1}{4}{5}🇩🇲{/5}{6}Dominica{/6}{/4}{7}{8}🇬🇩{/8}{9}Grenada{/9}{/7}	{1}{2}🇹🇷{/2}{3}Türkiye{/3}{/1}{4}{5}🇩🇲{/5}{6}Dominica{/6}{/4}{7}{8}🇬🇩{/8}{9}Grenada{/9}{/7}			acf.s347_p#1
s348	p	Phù hợp với	Best suited to			acf.s348_p#1
s349	p	“Gia đình muốn thêm lựa chọn sống, môi trường học tập chuẩn quốc tế cho con cái và sở hữu tài sản truyền đời an toàn tại châu Âu.”	"""Families who want another place to live, an international standard of schooling for their children, and a real asset in Europe to pass on."""			acf.s349_p#1
s350	p	“Nhà đầu tư có chiến lược quốc tịch thứ hai, ưu tiên tốc độ xét duyệt, tính linh hoạt đi lại và cơ hội mở rộng kinh doanh toàn cầu.”	"""Investors following a second-citizenship strategy, who value processing speed, travel flexibility, and room to expand a business globally."""			acf.s350_p#1
s351	cta	Nhận tư vấn lựa chọn quốc gia	Get help choosing a country			acf.s351_cta
