Bản đồ vị trí dự án Centro Limassol tại Limassol, Cộng Hòa Síp	Map of the Centro Limassol project in Limassol, Cyprus
Dự án Centro Limassol tại Limassol, Cộng Hòa Síp - ảnh 1	Centro Limassol project in Limassol, Cyprus - photo 1
Dự án Centro Limassol tại Limassol, Cộng Hòa Síp - ảnh 2	Centro Limassol project in Limassol, Cyprus - photo 2
Dự án Centro Limassol tại Limassol, Cộng Hòa Síp - ảnh 3	Centro Limassol project in Limassol, Cyprus - photo 3
Dự án Centro Limassol tại Limassol, Cộng Hòa Síp - ảnh 4	Centro Limassol project in Limassol, Cyprus - photo 4
Dự án Aktea Residence 4 của Cybarco tại Cộng Hòa Síp	Aktea Residence 4, a Cybarco project in Cyprus
Dự án Centro Limassol của Cybarco tại Cộng Hòa Síp	Centro Limassol, a Cybarco project in Cyprus
Dự án Seaview Heights của Cybarco tại Cộng Hòa Síp	Seaview Heights, a Cybarco project in Cyprus
Dự án Park Residence của Cybarco tại Cộng Hòa Síp	Park Residence, a Cybarco project in Cyprus
Dự án Centro Limassol tại Limassol, Cộng Hòa Síp	Centro Limassol project in Limassol, Cyprus
Xem thư viện hình ảnh và video	View the photo and video gallery
Điều hướng nội dung dự án	Project section navigation
Xem thông tin dự án	View project information
Phóng to ảnh dự án	Enlarge project image
Media tiếp theo	Next media
Thông tin nhanh	Quick facts
Hình ảnh dự án	Project image
Media trước	Previous media
Video dự án	Project video
 ảnh dự án	 project images
Ảnh dự án	Project images
Xem thêm 	See more 
 ảnh	 photos
Đóng	Close
