Phát video dự án căn hộ dịch vụ Etolikou 11	Play the Etolikou 11 serviced apartment project video
Etolikou 11, Thiết kế mô phỏng sau khi hoàn thành	Etolikou 11, rendering of the completed development
Vị trí chính xác của dự án Etolikou 11	Exact location of the Etolikou 11 project
Dự án Glyfada Estate Residence	Glyfada Estate Residence project
Xem thư viện hình ảnh và video	View the photo and video gallery
Dự án Etolikou Seafront	Etolikou Seafront project
Điều hướng nội dung dự án	Project section navigation
Dự án Celea Residence	Celea Residence project
Xem thông tin dự án	View project information
Phóng to ảnh dự án	Enlarge project image
Hình ảnh dự án	Project image
Media tiếp theo	Next media
Thông tin nhanh	Quick facts
Media trước	Previous media
Video dự án	Project video
Xem thêm 	See more 
Đóng	Close
Video dự án căn hộ dịch vụ Etolikou 11	Etolikou 11 serviced apartment project video
Ảnh dự án Etolikou 11	Etolikou 11 project images
 ảnh dự án	 project images
 ảnh	 photos
